Mode,NLC,ASC,Station,Coverage,Source,Weekday (Mon-Thu) - Entries,Friday - Entries,Saturday - Entries,Sunday - Entries,Weekday (Mon-Thu) - Exits,Firday - Exits,Saturday - Exits,Sunday - Exits,En/Ex
LU,500,ACTu,Acton Town,Station entry / exit,Gateline,"6,851","6,899","5,657","3,961","6,886","6,691","5,559","4,174","2,902,697"
LU,502,ALDu,Aldgate,Station entry / exit,Gateline,"8,038","6,690","5,035","3,585","9,655","8,611","7,453","4,595","3,525,128"
LU,503,ALEu,Aldgate East,Station entry / exit,Gateline,"12,751","13,270","13,617","9,980","11,984","12,882","12,951","8,261","5,611,130"
LU,505,ALPu,Alperton,Station entry / exit,Gateline,"3,109","3,121","2,543","1,654","3,347","3,325","2,537","1,732","1,345,253"
LU,506,AMEu,Amersham,Station entry / exit,Gateline,"2,384","2,249","1,745","1,089","2,315","2,175","1,545","1,063","946,577"
LU,507,ANGu,Angel,Station entry / exit,Gateline,"16,234","17,601","14,286","9,694","17,205","19,337","15,229","9,890","7,258,744"
LU,508,ARCu,Archway,Station entry / exit,Gateline,"9,878","10,130","8,148","5,549","9,318","9,051","7,017","5,273","4,027,456"
LU,509,AGRu,Arnos Grove,Station entry / exit,Gateline,"4,686","4,832","4,257","3,067","4,347","4,373","3,835","2,955","1,963,343"
LU,510,ARLu,Arsenal,Station entry / exit,Gateline,"2,847","3,151","2,911","2,050","2,521","2,540","2,454","2,036","1,209,093"
LU,511,BSTu,Baker Street,Station entry / exit,Gateline,"26,481","26,299","20,714","14,374","26,852","27,029","21,177","14,622","11,147,642"
LU,512,BALu,Balham LU,Station entry / exit,Gateline,"11,980","12,553","12,223","7,520","12,598","12,105","11,728","7,755","5,356,512"
LU,513,BNKu,Bank and Monument,Station entry / exit,Gateline,"47,852","35,146","19,494","11,930","50,707","38,873","22,558","12,430","17,657,529"
LU,501,BARu,Barbican,Station entry / exit,Gateline,"8,778","7,849","4,749","3,030","9,377","8,407","5,183","3,168","3,467,856"
LU,514,BKGu,Barking,Station entry / exit,Gateline,"22,401","22,524","17,313","11,593","22,258","22,302","16,920","11,482","9,272,519"
LU,515,BDEu,Barkingside,Station entry / exit,Gateline,"1,586","1,536","1,046",671,"1,665","1,568","1,068",707,"647,203"
LU,516,BCTu,Barons Court,Station entry / exit,Gateline,"7,268","6,988","5,245","3,668","7,024","6,394","4,663","3,691","2,900,237"
LU,517,BAYu,Bayswater,Station entry / exit,Gateline,"3,051","3,529","4,188","3,249","2,987","3,547","4,046","2,677","1,498,957"
LU,518,BECu,Becontree,Station entry / exit,Gateline,"4,425","4,394","3,042","1,905","4,326","4,212","2,832","1,895","1,759,768"
LU,519,BPKu,Belsize Park,Station entry / exit,Gateline,"6,465","6,449","4,499","3,351","6,332","6,014","4,253","3,272","2,609,939"
LU,787,BERu,Bermondsey,Station entry / exit,Gateline,"9,737","10,097","9,102","6,027","9,503","9,533","8,795","5,956","4,176,709"
LU,520,BNGu,Bethnal Green LU,Station entry / exit,Gateline,"14,525","15,583","14,334","10,276","13,771","14,582","13,756","9,733","6,322,604"
LU,521,BLFu,Blackfriars LU,Station entry / exit,Gateline,"12,199","10,286","8,879","6,667","11,667","9,929","7,897","6,099","4,795,990"
LU,522,BHRu,Blackhorse Road,Station entry / exit,Gateline,"12,057","12,329","10,422","6,999","11,457","11,186","9,234","6,748","4,985,901"
LU,524,BDSu,Bond Street,Station entry / exit,Gateline,"35,930","34,595","36,512","21,311","36,693","35,134","36,422","20,770","15,694,939"
LU,525,BORu,Borough,Station entry / exit,Gateline,"4,834","5,048","4,177","2,607","4,874","4,980","4,264","2,664","2,066,434"
LU,526,BOSu,Boston Manor,Station entry / exit,Gateline,"2,068","2,118","1,710","1,149","2,141","2,093","1,549","1,188","879,895"
LU,527,BGRu,Bounds Green,Station entry / exit,Gateline,"5,904","6,113","5,278","3,722","5,739","5,735","4,854","3,702","2,509,255"
LU,528,BWRu,Bow Road,Station entry / exit,Gateline,"5,518","5,622","4,336","2,946","5,345","5,048","3,910","3,032","2,257,180"
LU,529,BTXu,Brent Cross,Station entry / exit,Gateline,"2,666","2,417","1,778","1,643","2,577","2,324","1,705","1,619","1,071,927"
LU,778,BRXu,Brixton LU,Station entry / exit,Gateline,"28,198","31,524","31,360","20,600","27,434","31,129","31,133","20,249","12,831,056"
LU,530,BBBu,Bromley-by-Bow,Station entry / exit,Gateline,"5,021","5,074","3,431","2,535","4,988","4,740","3,113","2,556","2,030,519"
LU,531,BHLu,Buckhurst Hill,Station entry / exit,Gateline,"2,685","2,511","2,124","1,203","2,610","2,362","1,917","1,187","1,072,751"
LU,532,BURu,Burnt Oak,Station entry / exit,Gateline,"4,751","4,718","3,345","2,429","4,605","4,465","3,144","2,377","1,912,270"
LU,534,CRDu,Caledonian Road,Station entry / exit,Gateline,"5,868","6,149","4,862","3,482","5,537","5,448","4,352","3,405","2,421,295"
LU,535,CTNu,Camden Town,Station entry / exit,Gateline,"16,728","20,125","28,059","18,816","17,342","22,358","31,247","19,218","9,118,497"
LU,788,CWRu,Canada Water,Station entry / exit,Gateline,"12,239","13,430","17,208","9,602","12,443","14,928","17,213","9,673","5,970,317"
LU,852,CWFu,Canary Wharf LU,Station entry / exit,Gateline,"44,825","37,978","32,852","22,234","46,446","39,230","33,863","22,539","18,288,802"
LU,884,CNTu,Canning Town,Station entry / exit,Gateline,"16,996","17,995","16,135","12,443","16,973","17,632","15,700","12,006","7,522,672"
LU,536,CSTu,Cannon Street LU,Station entry / exit,Gateline,"6,056","4,827","3,270","2,116","5,398","4,288","2,939","1,778","2,147,772"
LU,537,CPKu,Canons Park,Station entry / exit,Gateline,"3,019","2,879","2,496","1,518","3,021","2,796","2,436","1,544","1,249,231"
LU,539,CLFu,Chalfont & Latimer,Station entry / exit,Scaled,"1,946","1,690","1,253",751,"1,768","1,577","1,325",848,"736,602"
LU,540,CHFu,Chalk Farm,Station entry / exit,Gateline,"5,061","5,864","6,081","3,759","4,423","4,904","4,833","3,099","2,195,398"
LU,541,CYLu,Chancery Lane,Station entry / exit,Gateline,"15,160","11,107","4,969","2,540","16,450","12,485","5,482","2,595","5,469,516"
LU,718,CHXu,Charing Cross LU,Station entry / exit,Gateline,"15,476","16,202","20,095","12,017","15,394","16,317","17,935","10,603","7,154,835"
LU,543,CHMu,Chesham,Station entry / exit,Gateline,"1,307","1,263",911,542,"1,236","1,165",823,493,"507,495"
LU,544,CHGu,Chigwell,Station entry / exit,Gateline,558,515,262,143,466,428,236,143,"192,328"
LU,545,CHPu,Chiswick Park,Station entry / exit,Gateline,"2,321","2,179","1,955","1,224","2,583","2,370","1,967","1,362","1,013,033"
LU,546,CWDu,Chorleywood,Station entry / exit,Scaled,"2,376","1,971","1,427","1,070","1,747","1,472","1,015",893,"803,805"
LU,547,CPCu,Clapham Common,Station entry / exit,Gateline,"10,183","10,772","10,638","6,796","10,854","11,490","11,677","7,162","4,712,092"
LU,548,CPNu,Clapham North,Station entry / exit,Gateline,"7,292","7,984","7,733","4,636","7,278","7,881","7,985","4,633","3,273,797"
LU,549,CPSu,Clapham South,Station entry / exit,Gateline,"9,042","8,877","7,920","5,016","8,842","8,013","7,222","5,211","3,758,231"
LU,550,CFSu,Cockfosters,Station entry / exit,Gateline,"1,727","1,962","2,128","1,605","1,753","1,927","2,033","1,755","836,566"
LU,551,COLu,Colindale,Station entry / exit,Gateline,"8,352","8,359","6,672","4,785","8,043","7,807","6,080","4,643","3,432,152"
LU,552,CLWu,Colliers Wood,Station entry / exit,Gateline,"7,143","7,405","6,606","4,540","6,877","6,684","5,804","4,447","3,024,060"
LU,553,COVu,Covent Garden,Station entry / exit,Gateline,"13,186","15,368","19,274","12,925","15,863","20,304","26,935","15,625","7,484,432"
LU,554,CRXu,Croxley,Station entry / exit,Gateline,"1,277","1,185",747,403,"1,269","1,128",695,434,"487,950"
LU,555,DGEu,Dagenham East,Station entry / exit,Gateline,"3,821","3,776","2,596","1,774","3,588","3,465","2,427","1,636","1,496,282"
LU,556,DGHu,Dagenham Heathway,Station entry / exit,Gateline,"7,160","7,066","4,753","3,164","7,132","6,960","4,630","3,148","2,869,564"
LU,557,DEBu,Debden,Station entry / exit,Gateline,"2,851","2,740","1,876","1,055","2,766","2,596","1,732","1,047","1,106,863"
LU,558,DHLu,Dollis Hill,Station entry / exit,Gateline,"4,669","4,688","3,697","2,659","4,268","4,099","3,156","2,440","1,865,453"
LU,560,EBYu,Ealing Broadway,Station entry / exit,Gateline,"16,138","16,353","14,070","9,638","16,401","16,178","13,761","9,830","6,934,968"
LU,561,ECMu,Ealing Common,Station entry / exit,Gateline,"2,988","3,100","2,769","1,889","3,047","3,085","2,708","1,920","1,308,100"
LU,562,ECTu,Earl's Court,Station entry / exit,Gateline,"18,590","19,894","18,993","13,482","18,779","20,573","19,230","12,596","8,396,552"
LU,563,EACu,East Acton,Station entry / exit,Gateline,"3,001","2,944","2,099","1,450","3,548","3,324","2,340","1,829","1,326,939"
LU,565,EFYu,East Finchley,Station entry / exit,Gateline,"6,914","6,824","5,486","3,482","6,690","6,350","4,960","3,554","2,809,498"
LU,566,EHMu,East Ham,Station entry / exit,Gateline,"14,635","14,478","10,840","7,568","14,387","13,912","10,302","7,485","5,966,757"
LU,567,EPYu,East Putney,Station entry / exit,Gateline,"7,156","6,891","6,149","4,006","7,197","6,579","5,800","4,229","3,007,533"
LU,564,ETEu,Eastcote,Station entry / exit,Gateline,"2,936","2,950","2,223","1,254","2,889","2,890","2,082","1,263","1,187,714"
LU,568,EDGu,Edgware,Station entry / exit,Gateline,"5,356","5,194","4,277","3,192","5,528","5,251","4,278","3,267","2,278,683"
LU,774,ERBu,Edgware Road (Bak),Station entry / exit,Gateline,"5,295","4,911","4,035","2,466","5,518","5,053","3,992","2,395","2,183,058"
LU,569,ERDu,Edgware Road (DIS),Station entry / exit,Gateline,"6,908","6,703","5,367","3,557","6,797","6,647","5,452","3,410","2,838,710"
LU,570,ELEu,Elephant & Castle LU,Station entry / exit,Gateline,"18,177","19,814","17,986","11,589","17,437","19,043","16,661","11,102","7,881,463"
LU,571,EPKu,Elm Park,Station entry / exit,Gateline,"3,649","3,389","2,134","1,438","3,553","3,233","2,082","1,499","1,406,370"
LU,542,EMBu,Embankment,Station entry / exit,Gateline,"17,860","19,044","21,927","14,531","17,312","18,747","21,708","13,218","8,251,813"
LU,572,EPPu,Epping,Station entry / exit,Scaled,"4,365","4,309","3,981","2,493","4,615","4,514","3,567","2,469","1,890,743"
LU,574,EUSu,Euston LU,Station entry / exit,Gateline,"32,263","37,613","38,383","29,978","33,743","40,080","38,966","31,863","15,882,123"
LU,575,ESQu,Euston Square,Station entry / exit,Gateline,"12,771","12,256","8,134","6,436","13,277","13,405","8,327","6,644","5,263,980"
LU,576,FLPu,Fairlop,Station entry / exit,Gateline,"1,323","1,300","1,061",684,"1,267","1,240","1,057",685,"541,194"
LU,577,FARu,Farringdon,Station entry / exit,Gateline,"24,124","18,817","9,730","5,382","23,455","18,537","9,854","4,666","8,497,573"
LU,578,FYCu,Finchley Central,Station entry / exit,Scaled,"8,865","8,445","6,265","3,771","8,728","8,090","5,630","4,102","3,523,038"
LU,579,FRDu,Finchley Road,Station entry / exit,Gateline,"9,442","9,941","7,640","5,628","8,943","9,146","7,089","5,354","3,908,195"
LU,580,FPKu,Finsbury Park,Station entry / exit,Gateline,"34,453","34,873","33,227","19,187","31,165","31,282","25,964","18,382","14,048,632"
LU,581,FBYu,Fulham Broadway,Station entry / exit,Gateline,"9,784","9,956","8,297","5,280","9,950","9,851","8,245","5,044","4,148,235"
LU,582,GHLu,Gants Hill,Station entry / exit,Gateline,"7,046","6,967","5,212","3,603","6,731","6,503","4,915","3,545","2,835,478"
LU,583,GRDu,Gloucester Road,Station entry / exit,Gateline,"15,218","16,296","14,568","11,117","15,970","17,174","16,062","11,007","6,967,643"
LU,584,GGRu,Golders Green,Station entry / exit,Gateline,"8,007","7,925","5,961","4,736","8,018","7,686","5,725","4,761","3,332,144"
LU,585,GHRu,Goldhawk Road,Station entry / exit,Gateline,"2,237","2,423","2,157","1,296","2,172","2,163","1,922","1,301","954,301"
LU,586,GSTu,Goodge Street,Station entry / exit,Gateline,"6,132","5,687","4,017","2,374","6,745","6,579","4,341","2,316","2,537,086"
LU,587,GRHu,Grange Hill,Station entry / exit,Gateline,674,590,369,213,552,481,303,189,"232,680"
LU,588,GPSu,Great Portland Street,Station entry / exit,Gateline,"6,925","6,425","3,855","2,428","7,089","6,518","3,784","2,254","2,685,637"
LU,590,GPKu,Green Park,Station entry / exit,Gateline,"35,109","32,909","27,178","19,061","41,149","40,567","34,823","23,204","15,943,763"
LU,589,GFDu,Greenford,Station entry / exit,Gateline,"5,105","4,974","3,562","2,192","5,117","4,835","3,379","2,244","2,049,869"
LU,591,GUNu,Gunnersbury,Station entry / exit,Gateline,"5,033","4,474","3,420","2,386","4,854","4,186","3,260","2,303","1,967,487"
LU,592,HAIu,Hainault,Station entry / exit,Gateline,"4,368","4,277","2,921","1,861","4,277","4,089","2,824","1,902","1,732,237"
LU,593,HMDu,Hammersmith (DIS),Station entry / exit,Gateline,"25,649","25,180","21,475","14,652","25,676","24,912","21,002","14,451","10,798,249"
LU,773,HMSu,Hammersmith (H&C),Station entry / exit,Gateline,"10,383","10,345","8,729","5,647","9,703","9,592","8,120","5,156","4,225,083"
LU,594,HMPu,Hampstead,Station entry / exit,Gateline,"4,536","4,747","4,027","3,252","5,090","5,277","4,411","3,720","2,111,620"
LU,595,HLNu,Hanger Lane,Station entry / exit,Gateline,"3,637","3,434","2,714","1,758","3,569","3,344","2,632","1,732","1,467,628"
LU,596,HARu,Harlesden,Station entry / exit,Gateline,"3,955","3,894","2,422","1,468","3,924","3,763","2,331","1,530","1,549,700"
LU,597,HAWu,Harrow & Wealdstone,Station entry / exit,Gateline,"5,276","5,212","3,665","2,338","5,077","4,850","3,246","2,247","2,079,627"
LU,598,HOHu,Harrow-on-the-Hill,Station entry / exit,Gateline,"10,958","11,310","9,094","6,041","11,602","11,770","9,350","6,375","4,761,645"
LU,779,HTXu,Hatton Cross,Station entry / exit,Gateline,"3,192","3,288","2,767","2,433","3,245","3,293","2,750","2,459","1,411,470"
LU,781,HRFu,Heathrow Terminal 4 LU,,,0,0,0,0,0,0,0,0,0
LU,783,HRVu,Heathrow Terminal 5 LU,Station entry / exit,Gateline,"4,678","5,602","4,881","6,010","3,562","4,330","3,422","4,198","2,027,837"
LU,780,HRCu,Heathrow Terminals 123 LU,Station entry / exit,Gateline,"5,920","6,011","5,203","6,757","4,738","4,622","3,984","5,059","2,452,747"
LU,601,HNDu,Hendon Central,Station entry / exit,Gateline,"7,449","7,118","5,211","3,847","7,056","6,519","4,539","3,574","2,933,496"
LU,602,HBTu,High Barnet,Station entry / exit,Gateline,"4,504","4,527","3,383","2,169","4,392","4,252","3,173","2,212","1,826,421"
LU,605,HSTu,High Street Kensington,Station entry / exit,Gateline,"10,370","10,271","10,068","6,738","10,238","10,267","9,537","5,570","4,454,568"
LU,603,HBYu,Highbury & Islington,Station entry / exit,Gateline,"18,219","19,846","18,134","12,115","19,163","20,778","19,140","13,008","8,340,490"
LU,604,HIGu,Highgate,Station entry / exit,Gateline,"5,673","5,759","4,907","3,215","5,797","5,582","4,750","3,442","2,428,486"
LU,606,HDNu,Hillingdon,Station entry / exit,Gateline,"1,816","1,918","1,559",951,"1,712","1,709","1,416",961,"747,141"
LU,607,HOLu,Holborn,Station entry / exit,Gateline,"26,412","24,319","20,062","12,874","28,672","27,963","21,949","13,213","11,252,228"
LU,608,HPKu,Holland Park,Station entry / exit,Gateline,"4,003","3,790","2,905","1,974","3,937","3,650","2,917","2,010","1,618,471"
LU,609,HRDu,Holloway Road,Station entry / exit,Gateline,"7,013","7,092","5,161","3,671","6,997","6,750","4,830","3,748","2,882,905"
LU,610,HCHu,Hornchurch,Station entry / exit,Gateline,"2,410","2,210","1,413",860,"2,396","2,216","1,486",897,"934,752"
LU,611,HNCu,Hounslow Central,Station entry / exit,Gateline,"3,593","3,599","2,904","2,180","3,590","3,541","2,864","2,195","1,519,626"
LU,612,HNEu,Hounslow East,Station entry / exit,Gateline,"4,019","4,053","3,486","2,668","4,245","4,176","3,516","2,755","1,773,818"
LU,613,HNWu,Hounslow West,Station entry / exit,Gateline,"3,513","3,552","3,205","2,535","3,557","3,517","3,174","2,689","1,550,628"
LU,614,HPCu,Hyde Park Corner,Station entry / exit,Gateline,"4,174","4,205","3,913","3,307","4,291","4,281","4,250","3,217","1,883,530"
LU,615,ICKu,Ickenham,Station entry / exit,Gateline,"1,193","1,196",888,450,"1,179","1,193",859,486,"480,785"
LU,616,KENu,Kennington,Station entry / exit,Gateline,"5,577","6,059","5,725","4,020","5,412","5,620","5,648","4,258","2,486,398"
LU,617,KGNu,Kensal Green,Station entry / exit,Gateline,"2,613","2,693","2,175","1,385","2,490","2,366","1,906","1,412","1,068,362"
LU,618,OLYu,Kensington (Olympia),LU boarding / alighting,Scaled,20,20,220,261,31,31,139,168,"34,499"
LU,619,KTNu,Kentish Town,LU boarding / alighting,Manual Count,"9,221","9,046","7,271","4,734","8,685","8,371","6,512","4,742","3,708,705"
LU,620,KETu,Kenton,Station entry / exit,Gateline,"2,370","2,247","1,632","1,051","2,352","2,240","1,612","1,079","949,500"
LU,621,KEWu,Kew Gardens,Station entry / exit,Gateline,"4,625","4,845","5,346","4,154","4,533","4,710","5,225","4,075","2,146,236"
LU,622,KILu,Kilburn,Station entry / exit,Gateline,"7,693","8,100","7,042","5,063","7,466","7,493","6,507","5,008","3,297,471"
LU,623,KPKu,Kilburn Park,Station entry / exit,Gateline,"3,215","3,519","3,112","2,050","3,049","3,145","2,762","1,999","1,375,207"
LU,625,KXXu,King's Cross St. Pancras,Station entry / exit,Gateline,"76,547","86,808","89,501","69,804","77,256","90,424","89,126","71,425","36,734,085"
LU,624,KBYu,Kingsbury,Station entry / exit,Gateline,"5,130","4,990","3,580","2,464","5,066","4,891","3,458","2,448","2,067,899"
LU,626,KNBu,Knightsbridge,Station entry / exit,Gateline,"16,492","17,025","18,733","12,581","16,202","16,842","17,699","12,028","7,453,212"
LU,627,LGRu,Ladbroke Grove,Station entry / exit,Gateline,"5,830","6,396","6,736","3,705","5,891","6,310","6,554","3,611","2,648,507"
LU,628,LAMu,Lambeth North,Station entry / exit,Gateline,"2,901","3,115","3,178","2,362","2,764","2,868","2,826","1,944","1,286,347"
LU,629,LANu,Lancaster Gate,Station entry / exit,Gateline,"5,950","6,189","6,081","4,795","5,907","6,153","5,718","4,427","2,668,131"
LU,630,LATu,Latimer Road,Station entry / exit,Gateline,"2,752","2,534","1,787","1,305","2,634","2,394","1,687","1,305","1,075,229"
LU,631,LSQu,Leicester Square,Station entry / exit,Gateline,"30,645","37,786","53,557","34,717","29,355","39,845","55,778","33,253","16,345,381"
LU,632,LEYu,Leyton,Station entry / exit,Gateline,"12,617","12,724","11,669","7,559","12,007","11,616","10,757","7,459","5,293,420"
LU,633,LYSu,Leytonstone,Station entry / exit,Gateline,"10,145","10,308","8,310","5,741","10,050","9,881","8,122","5,835","4,259,419"
LU,634,LSTu,Liverpool Street LU,Station entry / exit,Gateline,"60,015","59,968","53,937","35,096","63,793","63,927","58,555","38,634","26,596,893"
LU,635,LONu,London Bridge LU,Station entry / exit,Gateline,"70,446","73,371","73,043","47,535","68,353","70,908","68,768","45,522","30,857,082"
LU,636,LTNu,Loughton,Station entry / exit,Gateline,"3,829","3,760","3,141","1,900","3,927","3,807","3,053","1,971","1,606,879"
LU,637,MDVu,Maida Vale,Station entry / exit,Gateline,"3,465","3,594","3,043","2,023","3,271","3,199","2,657","1,961","1,433,954"
LU,638,MNRu,Manor House,Station entry / exit,Gateline,"8,227","8,896","7,947","6,056","7,965","8,122","7,208","5,820","3,593,706"
LU,639,MANu,Mansion House,Station entry / exit,Gateline,"5,620","4,132","2,716","1,718","5,840","4,437","2,835","1,575","2,088,948"
LU,640,MARu,Marble Arch,Station entry / exit,Gateline,"12,557","11,091","11,143","8,060","12,221","10,790","10,792","7,764","5,242,933"
LU,641,MYBu,Marylebone LU,Station entry / exit,Gateline,"10,134","10,219","9,673","7,064","10,824","10,659","10,185","7,585","4,597,698"
LU,642,MLEu,Mile End,Station entry / exit,Gateline,"15,587","16,935","13,318","9,551","15,255","15,807","12,549","9,668","6,644,477"
LU,643,MHEu,Mill Hill East,Station entry / exit,Scaled,"2,119","2,000","1,208",820,"1,757","1,649","1,056",918,"764,644"
LU,646,MPKu,Moor Park,Station entry / exit,Gateline,"1,244","1,222",560,320,"1,212","1,171",568,359,"463,133"
LU,645,MGTu,Moorgate,Station entry / exit,Gateline,"23,726","17,694","8,851","5,404","25,859","19,822","10,244","5,802","8,789,962"
LU,647,MORu,Morden,Station entry / exit,Gateline,"10,547","10,634","9,364","6,287","10,168","9,947","8,665","6,108","4,421,002"
LU,648,MCRu,Mornington Crescent,Station entry / exit,Gateline,"3,722","3,280","3,050","1,789","3,421","2,917","2,179","1,373","1,425,296"
LU,649,NEAu,Neasden,Station entry / exit,Gateline,"3,977","3,987","2,817","1,909","3,670","3,612","2,591","1,857","1,564,012"
LU,650,NEPu,Newbury Park,Station entry / exit,Gateline,"5,679","5,564","4,233","2,969","5,072","4,890","3,725","2,790","2,218,404"
LU,653,NACu,North Acton,Station entry / exit,Gateline,"7,728","7,718","5,745","3,882","7,600","7,357","5,394","3,927","3,148,552"
LU,654,NELu,North Ealing,Station entry / exit,Gateline,894,937,644,410,851,853,606,400,"357,588"
LU,789,NOGu,North Greenwich,Station entry / exit,Gateline,"22,040","25,208","30,109","23,155","22,936","26,656","31,943","24,568","11,279,522"
LU,656,NHRu,North Harrow,Station entry / exit,Gateline,"2,006","1,881","1,279",746,"1,917","1,734","1,200",762,"769,257"
LU,659,NWBu,North Wembley,Station entry / exit,Gateline,"1,974","1,971","1,346",904,"1,878","1,838","1,225",891,"778,946"
LU,655,NFDu,Northfields,Station entry / exit,Gateline,"3,876","3,819","3,102","2,223","3,851","3,777","3,173","2,384","1,630,938"
LU,657,NHTu,Northolt,Station entry / exit,Gateline,"6,092","6,117","4,695","3,044","5,870","5,745","4,282","2,986","2,467,440"
LU,660,NWPu,Northwick Park,Station entry / exit,Gateline,"4,727","4,657","2,779","1,855","4,633","4,380","2,623","1,870","1,836,276"
LU,661,NWDu,Northwood,Station entry / exit,Gateline,"3,244","3,140","2,041","1,220","3,263","3,039","1,906","1,220","1,274,615"
LU,662,NWHu,Northwood Hills,Station entry / exit,Gateline,"2,100","2,135","1,430",873,"2,024","2,023","1,326",898,"831,677"
LU,663,NHGu,Notting Hill Gate,Station entry / exit,Gateline,"13,933","14,538","15,913","9,544","14,054","14,877","17,094","10,003","6,404,193"
LU,664,OAKu,Oakwood,Station entry / exit,Gateline,"2,846","2,923","2,963","2,031","2,919","2,943","3,011","2,157","1,290,796"
LU,665,OLDu,Old Street,Station entry / exit,Gateline,"22,410","22,149","18,726","11,628","22,936","24,787","21,652","11,427","9,635,310"
LU,667,OSTu,Osterley,Station entry / exit,Gateline,"2,138","2,077","1,915","1,335","2,148","1,972","1,784","1,369","911,252"
LU,668,OVLu,Oval,Station entry / exit,Gateline,"7,472","7,685","6,537","4,546","7,190","7,071","5,892","4,371","3,129,276"
LU,669,OXCu,Oxford Circus,Station entry / exit,Gateline,"69,643","68,935","68,293","43,807","77,884","83,539","90,459","49,947","32,863,152"
LU,670,PADu,Paddington TfL,Station entry / exit,Gateline,"44,560","48,077","47,618","37,271","43,945","49,272","46,532","36,045","20,437,217"
LU,671,PRYu,Park Royal,Station entry / exit,Gateline,"2,186","2,201","1,682","1,101","2,248","2,325","1,722","1,039","918,333"
LU,672,PGRu,Parsons Green,Station entry / exit,Gateline,"7,538","7,135","5,486","3,483","7,344","6,689","4,912","3,422","2,993,897"
LU,673,PERu,Perivale,Station entry / exit,Gateline,"2,685","2,596","1,886","1,200","2,671","2,535","1,849","1,243","1,080,893"
LU,674,PICu,Piccadilly Circus,Station entry / exit,Gateline,"29,006","32,492","40,419","26,575","27,935","34,536","42,820","23,694","14,144,793"
LU,776,PIMu,Pimlico,Station entry / exit,Gateline,"9,857","9,393","7,814","5,576","9,690","9,001","7,491","5,439","4,058,878"
LU,675,PINu,Pinner,Station entry / exit,Scaled,"3,109","3,148","2,478","1,627","3,052","2,806","2,451","1,633","1,280,875"
LU,676,PLWu,Plaistow,Station entry / exit,Gateline,"6,837","6,753","4,445","3,151","6,427","6,220","4,123","3,155","2,671,882"
LU,677,PRDu,Preston Road,Station entry / exit,Gateline,"3,395","3,390","2,502","1,711","3,348","3,266","2,437","1,757","1,388,173"
LU,678,PUTu,Putney Bridge,Station entry / exit,Gateline,"6,104","5,993","5,497","3,519","6,654","6,373","5,358","3,569","2,686,314"
LU,680,QPKu,Queen's Park,Station entry / exit,Gateline,"5,751","5,857","4,941","3,334","5,446","5,324","4,513","3,316","2,380,111"
LU,679,QBYu,Queensbury,Station entry / exit,Gateline,"4,505","4,460","3,328","2,119","4,533","4,289","3,145","2,093","1,835,750"
LU,681,QWYu,Queensway,Station entry / exit,Gateline,"7,389","8,601","9,196","6,787","7,705","8,844","9,357","6,436","3,619,504"
LU,682,RCPu,Ravenscourt Park,Station entry / exit,Gateline,"3,760","3,857","2,727","1,830","3,714","3,772","2,543","1,820","1,533,828"
LU,683,RAYu,Rayners Lane,Station entry / exit,Gateline,"4,318","4,316","3,344","2,141","4,270","4,226","3,301","2,164","1,778,250"
LU,684,REDu,Redbridge,Station entry / exit,Gateline,"3,105","3,043","2,585","1,776","2,902","2,726","2,283","1,705","1,259,738"
LU,685,RPKu,Regent's Park,Station entry / exit,Gateline,"2,897","2,712","1,843","1,199","3,422","3,394","2,367","1,528","1,265,551"
LU,686,RMDu,Richmond,LU boarding / alighting,Scaled,"4,387","5,761","4,413","4,376","4,970","5,325","4,138","5,071","2,196,602"
LU,687,RKYu,Rickmansworth,Station entry / exit,Gateline,"2,809","2,825","1,766","1,008","2,743","2,704","1,709","1,044","1,098,469"
LU,688,RODu,Roding Valley,Station entry / exit,Manual Count,327,260,198,120,501,383,299,129,"155,226"
LU,690,ROYu,Royal Oak,Station entry / exit,Gateline,"2,916","2,878","2,247","1,646","2,769","2,634","2,117","1,633","1,185,481"
LU,691,RUIu,Ruislip,Station entry / exit,Gateline,"1,968","2,009","1,604",858,"2,012","2,023","1,583",885,"821,706"
LU,692,RUGu,Ruislip Gardens,Station entry / exit,Gateline,"1,214","1,197",954,561,"1,102","1,068",825,566,"476,607"
LU,693,RUMu,Ruislip Manor,Station entry / exit,Gateline,"2,014","2,122","1,683",842,"2,044","2,081","1,556",895,"839,242"
LU,694,RSQu,Russell Square,Station entry / exit,Gateline,"8,556","8,683","6,798","5,141","8,789","9,053","6,824","4,805","3,655,414"
LU,698,SVSu,Seven Sisters,Station entry / exit,Gateline,"17,156","18,200","15,130","11,294","16,807","17,214","14,343","10,955","7,364,300"
LU,700,SBCu,Shepherd's Bush LU,Station entry / exit,Gateline,"17,221","18,441","19,128","12,404","16,202","17,142","17,505","11,333","7,584,135"
LU,775,SBMu,Shepherd's Bush Market,Station entry / exit,Gateline,"3,837","4,213","3,969","2,304","3,659","3,844","3,569","2,265","1,656,236"
LU,702,SSQu,Sloane Square,Station entry / exit,Gateline,"17,263","17,252","15,356","9,790","17,237","17,391","15,911","9,765","7,380,128"
LU,703,SNBu,Snaresbrook,Station entry / exit,Gateline,"2,702","2,585","2,108","1,330","2,566","2,395","1,928","1,406","1,083,968"
LU,704,SELu,South Ealing,Station entry / exit,Gateline,"3,560","3,627","2,888","1,917","3,564","3,451","2,848","2,047","1,495,186"
LU,707,SHRu,South Harrow,Station entry / exit,Gateline,"2,409","2,410","1,807","1,227","2,518","2,481","1,795","1,268","1,013,772"
LU,708,SKNu,South Kensington,Station entry / exit,Gateline,"24,347","25,157","23,718","17,939","23,982","25,626","24,357","17,648","10,824,383"
LU,709,SKTu,South Kenton,Station entry / exit,Scaled,"1,330","1,422","1,204",772,"1,611","1,864","1,076",867,"626,386"
LU,710,SRPu,South Ruislip,Station entry / exit,Gateline,"2,174","2,159","1,635","1,109","2,132","2,064","1,577","1,129","888,276"
LU,711,SWMu,South Wimbledon,Station entry / exit,Gateline,"4,714","4,614","3,785","2,563","4,582","4,387","3,568","2,561","1,937,293"
LU,712,SWFu,South Woodford,Station entry / exit,Gateline,"5,614","5,505","4,617","2,898","5,864","5,567","4,555","3,027","2,380,524"
LU,705,SFSu,Southfields,Station entry / exit,Gateline,"6,717","6,329","5,390","3,396","6,433","5,714","4,789","3,404","2,695,552"
LU,706,SGTu,Southgate,Station entry / exit,Gateline,"5,180","5,460","4,618","3,275","5,525","5,673","4,690","3,478","2,312,226"
LU,784,SWKu,Southwark,Station entry / exit,Gateline,"12,165","10,764","8,750","6,005","12,741","11,676","9,618","5,998","5,034,192"
LU,695,SJPu,St. James's Park,Station entry / exit,Gateline,"10,244","8,305","5,216","3,768","10,461","8,707","5,504","3,833","3,901,970"
LU,696,SJWu,St. John's Wood,Station entry / exit,Gateline,"8,395","8,436","5,877","4,047","8,601","8,461","5,860","4,227","3,464,027"
LU,697,STPu,St. Paul's,Station entry / exit,Gateline,"13,696","11,715","8,457","5,553","14,064","12,074","8,374","5,085","5,359,932"
LU,713,STBu,Stamford Brook,Station entry / exit,Gateline,"2,963","2,950","2,480","1,653","2,880","2,710","2,271","1,624","1,223,866"
LU,714,STAu,Stanmore,Station entry / exit,Gateline,"3,942","4,099","3,730","2,358","4,083","4,003","3,464","2,599","1,729,034"
LU,715,STGu,Stepney Green,Station entry / exit,Gateline,"6,604","6,914","4,832","3,429","6,522","6,464","4,469","3,375","2,707,641"
LU,716,STKu,Stockwell,Station entry / exit,Gateline,"10,931","11,599","10,691","7,425","9,920","10,144","9,445","7,027","4,614,856"
LU,717,SPKu,Stonebridge Park,Station entry / exit,Gateline,"3,162","3,150","2,053","1,322","3,036","2,932","1,914","1,310","1,237,627"
LU,719,SFDu,Stratford,Station entry / exit,Gateline,"62,497","67,115","71,770","48,381","63,636","68,763","72,426","48,352","29,106,619"
LU,720,SHLu,Sudbury Hill,Station entry / exit,Gateline,"2,189","2,172","1,564",969,"2,211","2,157","1,478",997,"889,529"
LU,721,STNu,Sudbury Town,Station entry / exit,Gateline,"2,118","2,114","1,617","1,082","1,937","1,867","1,402","1,002","835,671"
LU,723,SWCu,Swiss Cottage,Station entry / exit,Gateline,"7,382","7,282","5,612","3,781","7,190","6,885","5,303","3,727","3,001,198"
LU,724,TEMu,Temple,Station entry / exit,Gateline,"7,595","6,735","4,320","2,452","8,346","8,160","4,864","2,693","3,070,900"
LU,725,THBu,Theydon Bois,Station entry / exit,Gateline,"1,012","1,024",930,526,975,948,897,566,"423,967"
LU,726,TBEu,Tooting Bec,Station entry / exit,Gateline,"8,731","8,830","7,924","5,014","8,216","7,757","6,914","5,103","3,610,529"
LU,727,TBYu,Tooting Broadway,Station entry / exit,Gateline,"16,094","17,008","14,569","9,305","16,124","16,105","13,551","9,294","6,892,544"
LU,728,TCRu,Tottenham Court Road,Station entry / exit,Gateline,"34,316","35,648","44,163","24,047","34,647","38,423","43,807","23,634","16,036,231"
LU,729,TTHu,Tottenham Hale LU,Station entry / exit,Gateline,"16,153","16,934","15,214","13,331","15,704","16,546","14,189","11,801","7,115,066"
LU,730,TOTu,Totteridge & Whetstone,Station entry / exit,Gateline,"2,607","2,570","2,102","1,311","2,528","2,462","1,954","1,303","1,064,853"
LU,731,THLu,Tower Hill,Station entry / exit,Gateline,"15,552","16,468","18,125","12,759","15,811","17,701","19,408","11,994","7,328,488"
LU,733,TPKu,Tufnell Park,Station entry / exit,Gateline,"3,653","3,748","3,599","2,403","3,413","3,168","3,184","2,276","1,540,273"
LU,734,TGRu,Turnham Green,Station entry / exit,Gateline,"6,088","6,236","5,375","3,816","6,248","6,390","5,439","3,977","2,661,114"
LU,735,TPLu,Turnpike Lane,Station entry / exit,Gateline,"10,221","10,765","9,621","6,942","10,346","10,469","9,048","6,973","4,494,164"
LU,736,UPMu,Upminster,Station entry / exit,Gateline,"5,466","5,185","4,085","2,278","5,513","5,191","4,000","2,392","2,214,271"
LU,737,UPBu,Upminster Bridge,Station entry / exit,Gateline,"1,427","1,237",495,288,"1,403","1,244",484,308,"507,765"
LU,738,UPYu,Upney,Station entry / exit,Gateline,"3,269","3,210","2,045","1,341","3,001","2,870","1,817","1,237","1,241,844"
LU,739,UPKu,Upton Park,Station entry / exit,Gateline,"11,856","11,565","8,904","6,062","11,437","10,865","8,333","5,965","4,784,244"
LU,740,UXBu,Uxbridge,Station entry / exit,Gateline,"8,560","8,856","6,312","3,911","8,491","8,355","5,901","4,039","3,486,758"
LU,777,VUXu,Vauxhall LU,Station entry / exit,Gateline,"32,213","33,764","29,566","20,585","30,472","30,516","27,108","20,239","13,623,576"
LU,741,VICu,Victoria LU,Station entry / exit,Gateline,"73,591","77,402","76,219","52,526","76,355","77,247","74,958","55,658","33,480,926"
LU,742,WALu,Walthamstow Central,Station entry / exit,Gateline,"18,397","18,809","16,383","11,064","18,440","18,434","15,956","11,411","7,906,474"
LU,743,WANu,Wanstead,Station entry / exit,Gateline,"2,668","2,689","2,446","1,654","2,822","2,853","2,463","1,697","1,181,072"
LU,745,WSTu,Warren Street,Station entry / exit,Gateline,"17,843","16,431","9,750","6,907","18,688","17,498","9,706","6,713","7,038,704"
LU,746,WARu,Warwick Avenue,Station entry / exit,Gateline,"3,987","4,057","3,458","2,296","3,863","3,727","3,300","2,443","1,673,860"
LU,747,WLOu,Waterloo LU,Station entry / exit,Gateline,"66,906","68,781","71,410","41,205","67,295","69,060","72,898","44,255","29,868,623"
LU,748,WATu,Watford,Station entry / exit,Gateline,"2,441","2,381","1,426",874,"2,433","2,412","1,447",898,"955,674"
LU,751,WEMu,Wembley Central,Station entry / exit,Gateline,"6,162","6,257","5,557","3,516","6,511","6,699","5,677","3,605","2,708,193"
LU,752,WPKu,Wembley Park,Station entry / exit,Gateline,"17,402","20,104","18,391","12,475","17,187","19,866","17,868","11,983","7,894,562"
LU,753,WACu,West Acton,Station entry / exit,Gateline,"1,754","1,753","1,334",812,"1,725","1,603","1,239",841,"709,948"
LU,755,WBTu,West Brompton,Station entry / exit,Manual Count,"6,364","6,367","6,042","3,728","6,531","6,002","5,733","3,360","2,734,932"
LU,756,WFYu,West Finchley,Station entry / exit,Gateline,"1,786","1,727","1,303",879,"1,694","1,528","1,150",862,"705,772"
LU,757,WHMu,West Ham,Station entry / exit,Gateline,"6,745","6,808","4,283","3,173","6,770","6,751","4,139","3,110","2,718,754"
LU,758,WHDu,West Hampstead LU,Station entry / exit,Gateline,"10,964","10,931","9,311","6,265","10,219","9,890","8,423","5,888","4,472,941"
LU,759,WHRu,West Harrow,Station entry / exit,Scaled,"1,231","1,392","1,055",676,"1,375","1,432","1,129",865,"560,543"
LU,760,WKNu,West Kensington,Station entry / exit,Gateline,"4,854","5,051","4,311","3,202","4,618","4,390","3,591","2,996","2,028,753"
LU,762,WRPu,West Ruislip,Station entry / exit,Gateline,"1,685","1,640","1,438",825,"1,745","1,648","1,363",823,"708,681"
LU,754,WBPu,Westbourne Park,Station entry / exit,Gateline,"4,530","4,626","3,490","2,225","4,266","4,228","3,220","2,234","1,823,204"
LU,761,WMSu,Westminster,Station entry / exit,Gateline,"17,557","15,340","16,572","12,037","18,418","16,311","17,146","11,840","7,699,650"
LU,764,WCTu,White City,Station entry / exit,Gateline,"11,840","10,260","8,191","5,393","11,328","10,045","8,056","5,412","4,624,537"
LU,763,WCLu,Whitechapel,Station entry / exit,Gateline,"15,538","15,168","9,968","6,934","15,385","15,057","10,053","7,019","6,205,116"
LU,765,WLGu,Willesden Green,Station entry / exit,Gateline,"8,044","8,228","6,748","4,885","7,935","7,743","6,143","4,808","3,384,122"
LU,766,WJNu,Willesden Junction,Station entry / exit,Gateline,"6,479","6,481","4,838","3,147","6,362","6,149","4,523","3,178","2,631,398"
LU,767,WIMu,Wimbledon,LU boarding / alighting,Scaled,"16,583","15,949","14,063","8,423","17,177","16,558","14,561","9,069","7,056,386"
LU,768,WMPu,Wimbledon Park,Station entry / exit,Gateline,"2,555","2,400","2,115","1,257","2,553","2,331","2,038","1,344","1,053,984"
LU,770,WGNu,Wood Green,Station entry / exit,Gateline,"12,368","13,406","12,284","8,393","11,985","12,810","11,952","8,259","5,433,153"
LU,599,WDLu,Wood Lane,Station entry / exit,Gateline,"4,727","4,596","5,027","2,902","5,242","5,144","5,649","3,263","2,194,795"
LU,769,WFDu,Woodford,Station entry / exit,Gateline,"6,481","6,284","5,441","3,378","6,364","5,909","4,924","3,330","2,663,457"
LU,771,WSPu,Woodside Park,Station entry / exit,Scaled,"3,612","3,506","2,762","1,868","6,119","5,782","4,509","3,682","2,015,727"
LU,831,NIEu,Nine Elms,Station entry / exit,Gateline,"2,754","2,933","2,738","1,998","2,461","2,530","2,348","1,811","1,163,116"
LU,832,BPSu,Battersea Power Station,Station entry / exit,Gateline,"5,262","5,337","4,518","3,109","4,911","5,016","4,369","2,905","2,177,911"
LO,1404,ACCr,Acton Central,Station entry / exit,Gateline,"2,486","2,487","1,969","1,333","2,432","2,294","1,805","1,315","1,167,174"
LO,5397,ANYr,Anerley,Station entry / exit,Scaled,"1,725","1,548","1,046","1,325","1,762","1,517",887,"1,471","821,918"
LO,514,BKGu,Barking,LO boarding / alighting,Scale_earlier,"4,192","4,847","3,675","2,709","4,259","4,390","3,165","2,463","2,081,131"
LO,5420,BAKr,Battersea Park,LO boarding / alighting,Loadweigh,20,23,0,10,14,13,0,0,"6,842"
LO,6961,BETr,Bethnal Green LO,Station entry / exit,Gateline,"2,054","2,089","1,660","1,282","2,228","2,312","1,859","1,373","1,047,192"
LO,522,BHRu,Blackhorse Road,LO boarding / alighting,Scaled,"2,947","2,945","2,757","1,659","3,357","3,327","3,234","1,882","1,550,700"
LO,5404,BCYr,Brockley,Station entry / exit,Gateline,"4,778","5,115","4,536","2,993","4,400","4,342","3,743","2,886","2,280,512"
LO,1437,BSYr,Brondesbury,Station entry / exit,Gateline,"3,896","4,101","3,406","2,054","3,705","3,746","2,971","1,943","1,838,214"
LO,1438,BSPr,Brondesbury Park,Station entry / exit,Scaled,"2,202","2,296","1,138",825,"2,172","2,246","1,115",928,"984,626"
LO,6958,BCVr,Bruce Grove,Station entry / exit,Manual Count,"3,116","2,720","2,113","2,224","2,698","2,561","1,829","1,752","1,378,067"
LO,6913,BHKr,Bush Hill Park,Station entry / exit,Scaled,"1,767","1,581","1,402",856,"1,489","1,278","1,033",760,"753,674"
LO,1395,BSHr,Bushey,LO boarding / alighting,Scaled,551,644,"1,190",469,989,608,"1,022",401,"396,594"
LO,1439,CIRr,Caledonian Road & Barnsbury,Station entry / exit,Manual Count,"2,678","3,209","2,290","1,351","2,806","3,278","2,176","1,475","1,350,071"
LO,6962,CBHr,Cambridge Heath,Station entry / exit,Manual Count,"1,806","1,756","1,471","1,240","1,805","1,871","1,514","1,235","889,589"
LO,1440,CMDr,Camden Road,Station entry / exit,Gateline,"5,650","5,743","5,293","3,384","5,772","6,066","5,723","3,585","2,853,286"
LO,788,CWRu,Canada Water,LO boarding / alighting,Scaled,"24,578","24,571","24,161","12,311","23,072","25,542","26,685","13,052","11,980,069"
LO,1441,CNNr,Canonbury,Station entry / exit,Gateline,"3,693","4,039","3,604","2,441","3,408","3,498","3,286","2,450","1,803,938"
LO,1442,CPKr,Carpenders Park,Station entry / exit,Gateline,"1,665","1,688","1,219",707,"1,632","1,626","1,138",718,"766,704"
LO,6814,CHNr,Cheshunt,LO boarding / alighting,Scaled,549,570,592,528,680,698,868,827,"340,289"
LO,6914,CHIr,Chingford,Station entry / exit,Gateline,"2,742","2,644","2,266","1,416","2,622","2,514","2,134","1,410","1,279,317"
LO,5301,CLPr,Clapham High Street,Station entry / exit,Manual Count,"2,272","2,601","2,277","1,492","2,426","3,001","2,650","1,769","1,231,647"
LO,5595,CLJr,Clapham Junction,LO boarding / alighting,Loadweigh,"21,190","21,132","22,223","18,492","18,674","18,320","20,588","15,935","10,438,622"
LO,6926,CPTr,Clapton,Station entry / exit,Scaled,"2,529","2,486","2,245","1,505","2,202","2,166","1,905","1,391","1,157,488"
LO,7406,CRHr,Crouch Hill,Station entry / exit,Scaled,"1,472","1,527","1,321",691,"1,526","1,579","1,339",785,"727,117"
LO,5356,CYPr,Crystal Palace,LO boarding / alighting,Loadweigh,"3,001","2,889","3,436","2,830","3,375","2,940","3,499","3,005","1,667,100"
LO,1443,DLJr,Dalston Junction,Station entry / exit,Gateline,"6,142","7,083","6,721","4,427","5,963","7,079","6,892","4,366","3,212,644"
LO,1429,DLKr,Dalston Kingsland,Station entry / exit,Gateline,"7,883","8,757","8,453","5,187","7,678","8,624","8,605","5,243","4,048,993"
LO,5421,DMKr,Denmark Hill,LO boarding / alighting,Scaled,"9,502","9,718","5,357","4,739","9,859","10,144","5,498","4,749","4,447,266"
LO,6941,EDRr,Edmonton Green,LO boarding / alighting,Scaled,"4,761","4,724","4,096","2,968","4,959","4,952","3,701","2,814","2,348,713"
LO,7473,EMPr,Emerson Park,Station entry / exit,Manual Count,519,479,257,102,340,329,162,102,"183,964"
LO,6959,ENFr,Enfield Town,Station entry / exit,Gateline,"3,163","3,199","2,324","1,874","2,886","2,829","1,921","1,684","1,437,473"
LO,1444,EUSr,Euston NR,LO boarding / alighting,Scale_earlier,"3,533","3,421","4,220","2,517","4,600","4,668","5,793","2,829","2,116,277"
LO,1445,FNYr,Finchley Road & Frognal,Station entry / exit,Scaled,"3,026","3,122","1,724","1,381","3,282","3,382","1,946","1,465","1,445,981"
LO,5362,FOHr,Forest Hill,LO boarding / alighting,Scaled,"3,329","3,421","3,123","2,408","3,428","3,527","3,050","2,455","1,701,565"
LO,1409,GPOr,Gospel Oak,Station entry / exit,Gateline,"3,776","3,916","3,069","2,219","3,563","3,610","2,736","2,124","1,777,739"
LO,591,GUNu,Gunnersbury,LO boarding / alighting,Scaled,"1,775","1,721","1,870","1,829","2,088","1,999","1,899","1,010","974,571"
LO,6977,HKCr,Hackney Central,Station entry / exit,Gateline,"7,464","8,554","7,945","4,798","7,385","8,648","8,216","4,901","3,873,150"
LO,6867,HACr,Hackney Downs,LO boarding / alighting,Scaled,"4,173","4,042","4,439","2,331","4,361","4,459","4,547","2,341","2,128,124"
LO,6978,HKWr,Hackney Wick,Station entry / exit,Scaled,"4,158","4,229","4,156","2,447","3,755","4,284","4,476","2,578","2,034,502"
LO,1022,HGGr,Haggerston,Station entry / exit,Issue,"3,426","3,834","3,747","2,385","3,458","4,041","4,108","2,375","1,815,479"
LO,1413,HDHr,Hampstead Heath,Station entry / exit,Gateline,"4,720","4,578","3,710","3,017","4,506","4,401","3,718","3,093","2,246,249"
LO,596,HARu,Harlesden,LO boarding / alighting,Scaled,"1,774","1,733","1,325",620,"1,556","1,520",961,938,"771,702"
LO,7401,HRYr,Harringay Green Lanes,Station entry / exit,Scaled,"1,827","1,750","1,926","1,241","2,045","1,997","1,967","1,466","976,641"
LO,597,HAWu,Harrow & Wealdstone,LO boarding / alighting,Scaled,"3,221","3,171","2,971","2,353","4,040","3,982","3,187","3,046","1,805,246"
LO,1398,HTEr,Hatch End,Station entry / exit,Gateline,958,992,697,408,926,962,706,430,"443,478"
LO,1434,HDLr,Headstone Lane,Station entry / exit,Manual Count,877,915,512,397,795,778,457,437,"384,932"
LO,6919,HIPr,Highams Park,Station entry / exit,Gateline,"3,924","3,811","2,814","1,651","3,610","3,430","2,463","1,604","1,735,398"
LO,603,HBYu,Highbury & Islington,LO boarding / alighting,Scaled,"25,792","23,029","23,730","16,297","25,895","19,473","22,374","13,523","12,291,964"
LO,6979,HMNr,Homerton,Station entry / exit,Gateline,"6,429","6,708","5,549","3,494","5,989","5,845","4,821","3,386","3,004,286"
LO,5418,HPAr,Honor Oak Park,Station entry / exit,Gateline,"3,532","3,482","2,936","1,892","3,321","3,087","2,663","1,922","1,640,297"
LO,1023,HOXr,Hoxton,Station entry / exit,Gateline,"3,809","3,875","3,207","2,733","3,881","4,162","3,629","3,211","1,949,719"
LO,9586,IMWr,Imperial Wharf,Station entry / exit,Gateline,"4,793","4,736","2,749","1,721","4,457","4,337","2,482","1,505","2,061,276"
LO,617,KGNu,Kensal Green,LO boarding / alighting,Scaled,784,793,676,496,975,954,858,714,"435,842"
LO,1448,KNRr,Kensal Rise,Station entry / exit,Manual Count,"4,598","3,854","3,868","2,397","4,364","3,457","3,635","2,375","2,095,470"
LO,618,OLYu,Kensington (Olympia),LO boarding / alighting,Scaled,"3,614","3,103","1,192","1,185","4,055","3,288","1,272","1,292","1,587,992"
LO,1449,KTWr,Kentish Town West,Station entry / exit,Manual Count,"3,211","3,884","2,808","1,972","3,228","3,883","2,812","1,987","1,629,280"
LO,620,KETu,Kenton,LO boarding / alighting,Scaled,989,929,516,494,"1,287","1,219",465,416,"496,919"
LO,621,KEWu,Kew Gardens,LO boarding / alighting,Scaled,"1,906","1,787","1,578","1,361","1,717","1,619","1,548","1,072","886,683"
LO,1415,KBNr,Kilburn High Road,Station entry / exit,Gateline,"1,102","1,195",928,677,"1,085","1,133",856,723,"539,192"
LO,7402,LEMr,Leyton Midland Road,Station entry / exit,Gateline,"2,137","2,145","1,678",962,"2,113","2,069","1,543",981,"997,076"
LO,7403,LERr,Leytonstone High Road,Station entry / exit,Gateline,"1,556","1,613","1,266",757,"1,462","1,523","1,142",707,"721,287"
LO,6965,LSTr,Liverpool Street NR,LO boarding / alighting,Manual Count,"13,227","12,187","9,832","6,799","13,209","12,555","10,535","6,617","6,209,630"
LO,6966,LOFr,London Fields,Station entry / exit,Scaled,"2,254","2,264","2,193","1,594","2,331","2,341","2,620","2,080","1,188,188"
LO,5150,NWXr,New Cross,LO boarding / alighting,Loadweigh,"3,054","3,124","2,970","2,030","3,056","2,908","2,897","2,184","1,532,792"
LO,5345,NXGr,New Cross Gate,LO boarding / alighting,Scaled,"5,157","5,365","5,076","2,994","6,095","5,830","4,598","3,218","2,724,966"
LO,659,NWBu,North Wembley,LO boarding / alighting,Scaled,717,710,439,317,656,654,392,316,"314,603"
LO,5376,NWDr,Norwood Junction,LO boarding / alighting,Scaled,"1,976","1,916","1,468","1,021","1,801","1,766","1,302",879,"886,919"
LO,5423,PMRr,Peckham Rye,LO boarding / alighting,Scaled,"3,826","3,945","4,288","3,131","4,716","4,943","4,950","3,879","2,241,738"
LO,5378,PNWr,Penge West,Station entry / exit,Manual Count,"1,164","1,266","1,186",757,"1,105","1,162",999,710,"572,881"
LO,680,QPKu,Queen's Park,LO boarding / alighting,Scaled,"2,240","2,237","1,969","1,539","2,239","2,206","1,708","1,631","1,104,025"
LO,5424,QRPr,Queens Road Peckham,Station entry / exit,Scaled,"2,352","1,919","2,411","1,675","2,311","1,867","2,373","1,753","1,158,467"
LO,6967,RECr,Rectory Road,Station entry / exit,Manual Count,"1,965","1,688","1,465","1,034","1,762","1,560","1,284","1,073","869,834"
LO,686,RMDu,Richmond,LO boarding / alighting,Loadweigh,"4,386","4,333","4,621","5,013","4,514","4,646","4,780","5,425","2,434,923"
LO,6886,RMFr,Romford,LO boarding / alighting,Scaled,863,856,435,297,"1,003","1,023",591,283,"413,924"
LO,1039,ROEr,Rotherhithe,Station entry / exit,Gateline,"1,796","1,944","1,708","1,205","1,610","1,666","1,455","1,157","860,347"
LO,698,SVSu,Seven Sisters,LO boarding / alighting,Manual Count,"10,750","11,372","9,463","7,066","9,936","10,175","8,477","6,475","5,132,396"
LO,1082,SDEr,Shadwell LO,Station entry / exit,Gateline,"5,279","5,733","5,079","3,423","5,403","5,703","4,754","3,442","2,678,672"
LO,9587,SPBr,Shepherd's Bush NR,Station entry / exit,Gateline,"9,045","9,472","8,784","5,501","9,074","9,685","8,974","5,507","4,551,302"
LO,1024,SDCr,Shoreditch High Street,Station entry / exit,Gateline,"8,209","8,647","9,213","6,663","8,745","10,760","11,795","6,829","4,601,311"
LO,6972,SLVr,Silver Street,Station entry / exit,Scaled,"3,556","3,465","2,412","1,846","3,630","3,635","2,453","1,949","1,682,406"
LO,1452,SATr,South Acton,Station entry / exit,Scaled,"1,592","1,618","1,501","1,327","1,684","1,629","1,422","1,398","831,678"
LO,1451,SOHr,South Hampstead,Station entry / exit,Scaled,855,862,634,574,829,868,660,574,"412,312"
LO,709,SKTu,South Kenton,LO boarding / alighting,Scaled,421,447,358,531,694,694,484,567,"284,940"
LO,7404,STOr,South Tottenham,Station entry / exit,Gateline,"1,986","1,974","1,394","1,054","2,053","2,092","1,451","1,011","950,085"
LO,6947,SBUr,Southbury,Station entry / exit,Gateline,"1,443","1,432","1,024",733,"1,525","1,454","1,046",795,"693,974"
LO,6973,SJSr,St James Street,Station entry / exit,Gateline,"1,845","1,892","1,678","1,049","1,829","1,792","1,522","1,016","893,897"
LO,6968,SMHr,Stamford Hill,Station entry / exit,Scaled,"1,507","1,542","1,013",801,"1,475","1,477",883,739,"695,033"
LO,6934,SKWr,Stoke Newington,Station entry / exit,Manual Count,"2,519","2,423","2,043","1,449","2,395","2,222","1,895","1,438","1,176,525"
LO,717,SPKu,Stonebridge Park,LO boarding / alighting,Scaled,"1,036","1,012",422,287,"1,027",985,406,277,"440,025"
LO,719,SFDu,Stratford,LO boarding / alighting,Loadweigh,"20,080","20,730","24,687","25,297","19,124","19,038","23,061","24,595","11,121,978"
LO,1083,SQEr,Surrey Quays,Station entry / exit,Gateline,"6,214","6,702","6,031","3,561","5,547","5,840","5,361","3,233","2,939,844"
LO,5437,SYDr,Sydenham,LO boarding / alighting,Scaled,"2,701","2,674","2,623","1,680","3,274","3,250","2,478","1,932","1,456,686"
LO,6949,TEOr,Theobalds Grove,Station entry / exit,Gateline,"1,060",995,630,609,963,885,568,565,"466,660"
LO,6952,TURr,Turkey Street,Station entry / exit,Gateline,"1,539","1,493",917,711,"1,425","1,323",781,676,"671,342"
LO,736,UPMu,Upminster,LO boarding / alighting,Scaled,718,699,488,185,710,680,442,223,"318,551"
LO,1524,UHLr,Upper Holloway,Station entry / exit,Manual Count,"2,431","2,419","1,754","1,181","2,540","2,760","1,796","1,158","1,169,992"
LO,742,WALu,Walthamstow Central,LO boarding / alighting,Scaled,"5,555","5,663","4,941","3,340","4,844","4,755","6,580","4,612","2,702,322"
LO,7407,WMWr,Walthamstow Queen's Road,Station entry / exit,Scaled,"1,755","1,747","1,398",810,"1,673","1,682","2,458","1,403","877,303"
LO,5372,WWRr,Wandsworth Road,Station entry / exit,Scaled,988,679,874,553,979,674,833,563,"455,293"
LO,7408,WNPr,Wanstead Park,Station entry / exit,Gateline,"1,915","1,925","1,544",875,"1,849","1,825","1,459",878,"890,743"
LO,1085,WPEr,Wapping,Station entry / exit,Gateline,"2,670","2,912","2,963","1,805","2,521","2,623","2,666","1,739","1,340,834"
LO,1455,WFHr,Watford High Street,Station entry / exit,Gateline,"1,926","2,026","2,224","1,213","1,784","1,971","2,245","1,179","971,404"
LO,1402,WFJr,Watford Junction,LO boarding / alighting,Scaled,"2,006","2,144","2,709","2,239","2,044","2,028","2,547","2,171","1,135,592"
LO,751,WEMu,Wembley Central,LO boarding / alighting,Scaled,"1,929","1,624","2,346","1,376","2,045","1,772","2,012","1,133","988,833"
LO,755,WBTu,West Brompton,LO boarding / alighting,Scaled,"4,118","3,987","3,847","2,804","4,198","4,175","4,123","2,723","2,076,216"
LO,5411,WCYr,West Croydon NR,LO boarding / alighting,Loadweigh,"4,328","4,241","5,728","4,099","4,066","4,004","5,195","3,845","2,293,962"
LO,1421,WHDr,West Hampstead LO,Station entry / exit,Gateline,"6,484","6,610","5,506","3,513","6,437","6,451","5,268","3,437","3,117,437"
LO,6956,WHLr,White Hart Lane,Station entry / exit,Gateline,"2,605","2,721","1,725","1,098","2,417","2,495","1,528","1,066","1,161,269"
LO,763,WCLu,Whitechapel,LO boarding / alighting,Scaled,"15,504","14,294","12,860","11,771","15,153","13,862","13,063","11,939","7,576,025"
LO,766,WJNu,Willesden Junction,LO boarding / alighting,Scaled,"13,108","11,843","8,556","3,795","14,327","12,502","9,497","4,768","6,074,653"
LO,6954,WSTr,Wood Street,Station entry / exit,Scaled,"2,802","2,543","2,017","1,439","2,542","2,225","1,771","1,491","1,242,080"
LO,7467,WGRr,Woodgrange Park,Station entry / exit,Gateline,"1,392","1,382","1,098",696,"1,289","1,246",948,622,"631,946"
DLR,750,ABRd,Abbey Road,Station entry / exit,APC,"1,658","1,665","1,326","1,012","1,625","1,625","1,332","1,039","796,342"
DLR,850,ALSd,All Saints,Station entry / exit,APC,"2,323","2,418","2,007","1,434","2,301","2,348","1,916","1,413","1,131,935"
DLR,513,BNKu,Bank and Monument,DLR boarding / alighting,Manual Count,"24,937","21,964","17,643","13,154","29,125","25,589","21,435","14,979","12,475,324"
DLR,895,BECd,Beckton,Station entry / exit,APC,"2,893","2,808","2,078","1,509","2,987","2,881","2,140","1,508","1,373,476"
DLR,891,BEPd,Beckton Park,Station entry / exit,Manual Count,623,601,460,312,610,574,420,332,"287,548"
DLR,882,BLAd,Blackwall,Station entry / exit,APC,"2,150","2,188","1,700","1,199","2,475","2,366","1,815","1,361","1,097,865"
DLR,851,BOCd,Bow Church,Station entry / exit,Manual Count,"3,402","3,410","3,389","1,913","3,273","3,300","3,375","1,851","1,655,934"
DLR,842,CAWd,Canary Wharf DLR,Station entry / exit,APC,"13,542","12,244","10,457","7,488","14,682","13,633","11,411","7,918","6,634,865"
DLR,884,CNTu,Canning Town,DLR boarding / alighting,APC,"28,205","27,143","26,795","19,506","26,478","25,942","25,307","18,018","13,622,168"
DLR,854,CROd,Crossharbour,Station entry / exit,APC,"4,640","4,809","4,119","2,892","4,582","4,591","3,860","2,831","2,260,969"
DLR,887,CUHd,Custom House,Station entry / exit,APC,"4,675","3,311","3,710","2,146","4,650","3,013","3,442","1,881","2,065,445"
DLR,879,CUSd,Cutty Sark,Station entry / exit,APC,"7,442","7,580","8,197","6,026","7,774","7,650","7,783","5,930","3,920,658"
DLR,893,CYPd,Cyprus,Station entry / exit,APC,"2,856","1,963",930,732,"2,898","1,876",914,781,"1,138,664"
DLR,897,DEBd,Deptford Bridge,Station entry / exit,Manual Count,"3,485","3,695","3,503","2,439","3,468","3,658","3,453","2,313","1,766,459"
DLR,867,DERd,Devons Road,Station entry / exit,APC,"3,026","3,079","2,514","1,864","2,947","2,855","2,371","1,832","1,447,472"
DLR,883,EAId,East India,Station entry / exit,APC,"5,373","5,204","3,652","2,630","4,787","4,526","3,079","2,177","2,333,112"
DLR,898,ELRd,Elverson Road,Station entry / exit,APC,"1,905","1,960","1,637","1,216","1,709","1,683","1,398","1,128","884,912"
DLR,894,GARd,Gallions Reach,Station entry / exit,APC,"2,185","2,132","1,938","1,393","2,322","2,162","1,942","1,475","1,095,624"
DLR,928,GREd,Greenwich,DLR boarding / alighting,APC,"5,140","5,489","5,281","3,748","5,363","5,736","5,911","4,127","2,725,047"
DLR,855,HEQd,Heron Quays,Station entry / exit,APC,"7,886","7,202","6,473","4,973","8,157","7,649","6,872","5,024","3,857,998"
DLR,856,ISGd,Island Gardens,Station entry / exit,APC,"3,162","3,290","2,989","2,098","2,941","2,901","2,577","1,913","1,514,372"
DLR,523,KGVd,King George V,Station entry / exit,APC,"2,635","2,644","1,866","1,324","2,672","2,614","1,806","1,359","1,237,801"
DLR,853,LAPd,Langdon Park,Station entry / exit,APC,"5,998","6,023","5,006","3,856","5,337","5,395","4,444","3,395","2,768,650"
DLR,940,LEWd,Lewisham DLR,Station entry / exit,APC,"9,662","9,682","8,037","5,691","9,851","9,680","7,877","5,718","4,701,185"
DLR,862,LIMd,Limehouse DLR,Station entry / exit,APC,"8,284","8,531","6,192","4,239","11,989","12,314","8,670","6,288","4,798,610"
DLR,533,LCAd,London City Airport,Station entry / exit,APC,"3,629","3,767","1,490","2,237","3,311","3,792","1,329","2,114","1,601,328"
DLR,857,MUDd,Mudchute,Station entry / exit,APC,"2,336","2,446","2,208","1,590","2,219","2,225","2,013","1,611","1,142,393"
DLR,538,PDKd,Pontoon Dock,Station entry / exit,APC,"3,430","3,674","3,680","2,644","3,504","3,620","3,605","2,643","1,794,022"
DLR,858,POPd,Poplar,Station entry / exit,APC,"1,707","1,578","1,051",956,"1,883","1,798","1,122","1,042","825,604"
DLR,888,PRRd,Prince Regent,Station entry / exit,APC,"2,840","2,513","2,350","1,730","3,009","2,658","2,375","1,627","1,381,287"
DLR,859,PMLd,Pudding Mill Lane,Station entry / exit,APC,"1,311","1,319",966,697,"1,298","1,262",934,704,"614,843"
DLR,890,ROAd,Royal Albert,Station entry / exit,APC,"1,541","1,411","1,315","1,223","1,694","1,676","1,483","1,131","798,208"
DLR,886,ROVd,Royal Victoria,Station entry / exit,APC,"4,463","4,908","5,851","4,020","3,746","4,441","5,130","3,487","2,286,632"
DLR,860,SHAd,Shadwell DLR,Station entry / exit,APC,"9,971","10,200","7,812","5,135","9,592","9,838","7,622","4,992","4,667,783"
DLR,861,SOQd,South Quay,Station entry / exit,APC,"5,429","5,396","3,675","2,626","5,426","5,198","3,472","2,480","2,497,386"
DLR,889,STLd,Star Lane,Station entry / exit,APC,"2,042","2,001","1,253","1,067","2,159","2,169","1,322","1,139","970,623"
DLR,719,SFDu,Stratford,DLR boarding / alighting,APC,"20,654","21,735","21,501","14,128","18,554","19,540","18,697","12,293","9,977,028"
DLR,749,SHSd,Stratford High Street,Station entry / exit,APC,"1,854","1,851","1,381","1,042","1,890","1,859","1,380","1,085","888,438"
DLR,504,STId,Stratford International DLR,Station entry / exit,APC,"5,609","5,856","5,079","3,662","4,810","5,257","4,600","3,488","2,623,668"
DLR,864,TOGd,Tower Gateway,Station entry / exit,APC,"4,508","4,332","4,241","2,822","5,203","5,131","4,948","3,392","2,401,001"
DLR,757,WHMu,West Ham,DLR boarding / alighting,APC,"4,523","4,638","3,326","2,497","3,863","3,948","3,075","2,188","2,005,602"
DLR,866,WIQd,West India Quay,Station entry / exit,APC,"2,308","3,184","3,157","2,188","2,244","3,134","3,197","2,217","1,329,826"
DLR,559,WSId,West Silvertown,Station entry / exit,APC,"3,127","3,022","2,564","1,818","3,123","3,053","2,623","1,873","1,505,609"
DLR,865,WESd,Westferry,Station entry / exit,APC,"6,290","6,430","5,284","3,644","6,275","6,318","5,175","3,797","3,049,242"
DLR,573,WOAd,Woolwich Arsenal,Station entry / exit,APC,"17,771","18,470","14,940","10,140","17,334","17,119","13,856","10,366","8,491,604"
EZL,3000,AMLr,Acton Main Line,Station entry / exit,Scaled,759,788,611,335,651,656,532,311,"316,257"
EZL,6872,BREr,Brentwood,Station entry / exit,Gateline,"3,454","3,254","2,102","1,146","3,173","2,953","1,953","1,104","1,390,728"
EZL,3176,BNMr,Burnham,Station entry / exit,Manual Count,"2,111","2,054","1,322",896,"2,045","2,074","1,186",933,"894,325"
EZL,6874,CTHr,Chadwell Heath,Station entry / exit,Gateline,"5,642","5,577","3,947","2,530","5,378","5,124","3,543","2,432","2,396,450"
EZL,560,EBYu,Ealing Broadway,TfL Rail boarding / alighting,Scaled,"2,791","2,809","2,435","1,650","3,221","3,077","2,616","1,869","1,372,461"
EZL,6876,FOGr,Forest Gate,Station entry / exit,Gateline,"5,708","5,858","4,368","2,954","5,730","5,532","4,067","2,973","2,548,489"
EZL,6877,GDPr,Gidea Park,Station entry / exit,Gateline,"3,837","3,508","2,419","1,322","3,488","3,075","2,061","1,349","1,533,725"
EZL,6878,GMYr,Goodmayes,Station entry / exit,Gateline,"5,049","4,920","3,400","2,214","4,884","4,664","3,122","2,135","2,145,176"
EZL,3191,HANr,Hanwell,Station entry / exit,Manual Count,"1,462","1,369","1,051",500,"1,202","1,183",861,553,"576,380"
EZL,6879,HROr,Harold Wood,Station entry / exit,Gateline,"4,313","4,145","2,613","1,452","4,116","3,844","2,312","1,305","1,760,138"
EZL,3186,HAYr,Hayes & Harlington,TfL Rail boarding / alighting,Scaled,"3,891","3,875","3,090","2,041","3,406","3,038","2,451","1,774","1,620,176"
EZL,7091,HAFr,Heathrow Terminal 4 EL,,,0,0,0,0,0,0,0,0,0
EZL,9846,HWVr,Heathrow Terminal 5 EL,TfL Rail boarding / alighting,Loadweigh,236,286,"1,364","1,503",129,136,"1,365","1,213","260,928"
EZL,7090,HXXr,Heathrow Terminals 2 & 3 EL,TfL Rail boarding / alighting,Scaled,"1,507","1,607","1,431","1,650","1,343","1,520","1,302","1,378","723,162"
EZL,6881,IFDr,Ilford,Station entry / exit,Gateline,"8,956","8,789","7,381","5,000","9,271","8,952","7,199","4,982","4,106,402"
EZL,3170,IVRr,Iver,Station entry / exit,Manual Count,436,441,263,181,405,423,265,176,"182,117"
EZL,3171,LNYr,Langley,Station entry / exit,Manual Count,"1,355","1,294",924,650,"1,233","1,255",839,551,"565,434"
EZL,6965,LSTr,Liverpool Street NR,TfL Rail boarding / alighting,Loadweigh,"21,997","20,065","12,672","6,516","26,683","25,598","18,686","9,362","10,251,278"
EZL,3147,MAIr,Maidenhead,TfL Rail boarding / alighting,Manual Count,"4,352","3,517","3,378","2,538","4,603","3,954","3,280","2,636","1,964,707"
EZL,6883,MNPr,Manor Park,Station entry / exit,Gateline,"4,036","4,084","3,106","2,099","3,964","3,801","2,834","2,055","1,781,334"
EZL,6970,MYLr,Maryland,Station entry / exit,Gateline,"3,092","3,211","2,317","1,497","2,862","2,766","1,879","1,450","1,316,546"
EZL,3087,PADr,Paddington NR,TfL Rail boarding / alighting,Loadweigh,"17,232","14,600","19,075","13,326","17,576","17,666","21,488","13,468","8,513,238"
EZL,3149,RDGr,Reading,TfL Rail boarding / alighting,Loadweigh,"3,069","2,990","2,175","1,530","3,714","3,888","3,397","2,212","1,544,095"
EZL,6886,RMFr,Romford,TfL Rail boarding / alighting,Scaled,"11,539","11,760","9,278","5,828","13,002","13,069","10,080","6,310","5,506,235"
EZL,6893,SVKr,Seven Kings,TfL Rail boarding / alighting,Scaled,"4,883","4,792","3,456","2,289","4,493","4,236","3,014","2,136","2,046,889"
EZL,6888,SNFr,Shenfield,TfL Rail boarding / alighting,Loadweigh,"2,924","2,951","2,018","1,065","3,933","3,967","2,757","1,726","1,493,660"
EZL,3172,SLOr,Slough,TfL Rail boarding / alighting,Manual Count,"4,555","5,190","3,430","3,553","4,425","5,402","3,395","4,020","2,170,889"
EZL,3187,STLr,Southall,Station entry / exit,Gateline,"5,246","5,109","4,170","2,808","5,067","4,765","3,711","2,550","2,294,079"
EZL,719,SFDu,Stratford,TfL Rail boarding / alighting,Scaled,"26,355","27,528","30,133","19,926","27,359","29,448","30,003","19,397","13,233,567"
EZL,3151,TAPr,Taplow,Station entry / exit,Manual Count,600,563,557,319,553,542,545,349,"266,945"
EZL,3155,TWYr,Twyford,TfL Rail boarding / alighting,Manual Count,"1,801","1,912","1,646",983,"1,798","1,904","1,640","1,023","837,725"
EZL,3174,WDTr,West Drayton,Station entry / exit,Gateline,"3,272","3,247","2,652","1,519","2,876","2,708","2,095","1,390","1,361,605"
EZL,3188,WEAr,West Ealing,TfL Rail boarding / alighting,Scaled,"2,052","2,059","1,710",805,"2,113","1,952","1,437",865,"908,453"
TRM,9441,ADVt,Addington Village,Trams boarding / alighting,APC,"1,245","1,245",892,503,"1,134","1,134",807,489,"593,587"
TRM,9440,ADSt,Addiscombe,Trams boarding / alighting,APC,"1,919","1,919","1,711","1,049","1,552","1,552","1,338",897,"909,511"
TRM,9442,AMPt,Ampere Way,Trams boarding / alighting,APC,"1,649","1,649","2,299","1,509","1,801","1,801","2,541","1,596","1,025,273"
TRM,9443,ARNt,Arena,Trams boarding / alighting,APC,"1,490","1,490","1,326",760,"1,227","1,227","1,096",710,"711,181"
TRM,9444,AVRt,Avenue Road,Trams boarding / alighting,APC,178,178,162,101,103,103,119,66,"75,180"
TRM,9445,BCJt,Beckenham Junction Trams,Trams boarding / alighting,APC,"1,432","1,432","1,318",908,"2,090","2,090","2,127","1,415","951,355"
TRM,9446,BCRt,Beckenham Road,Trams boarding / alighting,APC,462,462,383,211,448,448,383,250,"235,025"
TRM,9449,BDLt,Beddington Lane,Trams boarding / alighting,APC,374,374,264,123,413,413,252,151,"192,204"
TRM,9450,BGWt,Belgrave Walk,Trams boarding / alighting,APC,786,786,523,358,837,837,545,356,"402,624"
TRM,9454,BKBt,Birkbeck Trams,Trams boarding / alighting,APC,372,372,353,205,288,288,277,153,"174,519"
TRM,9459,BHLt,Blackhorse Lane,Trams boarding / alighting,APC,"1,175","1,175",957,671,940,940,753,557,"549,911"
TRM,9488,TWRt,Centrale,Trams boarding / alighting,APC,"1,002","1,002",870,568,"1,470","1,470","1,659",950,"667,607"
TRM,9460,CSTt,Church Street,Trams boarding / alighting,APC,"3,014","3,014","2,833","1,800","1,839","1,839","1,657","1,070","1,287,204"
TRM,9464,COOt,Coombe Lane,Trams boarding / alighting,APC,278,278,184,95,262,262,167,119,"132,736"
TRM,9468,DDRt,Dundonald Road,Trams boarding / alighting,APC,516,516,291,216,602,602,417,278,"276,238"
TRM,9470,ECRt,East Croydon Trams,Trams boarding / alighting,APC,"9,660","9,660","8,644","5,831","9,164","9,164","7,957","4,980","4,946,699"
TRM,9471,ELMt,Elmers End Trams,Trams boarding / alighting,APC,"1,077","1,077","1,011",636,"1,026","1,026",958,668,"561,146"
TRM,9472,FLWt,Fieldway,Trams boarding / alighting,APC,"1,024","1,024",812,539,988,988,740,547,"516,819"
TRM,9473,GSTt,George Street,Trams boarding / alighting,APC,"2,192","2,192","2,064","1,279","3,305","3,305","3,407","1,862","1,469,273"
TRM,9474,GVHt,Gravel Hill,Trams boarding / alighting,APC,617,617,322,182,636,636,286,178,"294,148"
TRM,9475,HRDt,Harrington Road,Trams boarding / alighting,APC,467,467,456,272,307,307,284,197,"206,593"
TRM,9476,KHDt,King Henry's Drive,Trams boarding / alighting,APC,534,534,433,290,755,755,618,432,"334,465"
TRM,9477,LEBt,Lebanon Road,Trams boarding / alighting,APC,"1,221","1,221","1,165",732,"1,183","1,183","1,072",729,"639,725"
TRM,9478,LPKt,Lloyd Park,Trams boarding / alighting,APC,830,830,679,474,780,780,666,471,"420,737"
TRM,9479,MPKt,Merton Park,Trams boarding / alighting,APC,715,715,504,303,638,638,410,268,"335,768"
TRM,9480,MTMt,Mitcham,Trams boarding / alighting,APC,"1,499","1,499","1,211",798,"1,773","1,773","1,321",891,"837,465"
TRM,9481,MTJt,Mitcham Junction Trams,Trams boarding / alighting,APC,"1,495","1,495","1,183",740,"1,677","1,677","1,286",802,"808,809"
TRM,9482,MRDt,Morden Road,Trams boarding / alighting,APC,"1,072","1,072",737,464,"1,062","1,062",704,440,"529,641"
TRM,9484,NADt,New Addington,Trams boarding / alighting,APC,"1,673","1,673","1,229",886,"1,880","1,880","1,470","1,027","910,692"
TRM,9485,PHLt,Phipps Bridge,Trams boarding / alighting,APC,993,993,798,608,"1,089","1,089",815,614,"538,962"
TRM,9486,RVCt,Reeves Corner,Trams boarding / alighting,APC,171,171,189,124,980,980,"1,047",602,"314,093"
TRM,9487,SANt,Sandilands,Trams boarding / alighting,APC,"2,575","2,575","2,081","1,246","2,392","2,392","1,796","1,205","1,268,297"
TRM,9491,TPLt,Therapia Lane,Trams boarding / alighting,APC,"1,817","1,817","1,340",868,"1,989","1,989","1,449",929,"961,144"
TRM,9497,WDMt,Waddon Marsh,Trams boarding / alighting,APC,"1,249","1,249","1,351",882,"1,404","1,404","1,425",941,"726,893"
TRM,9498,WPKt,Wandle Park,Trams boarding / alighting,APC,"1,422","1,422","1,454",932,"1,538","1,538","1,509","1,065","804,251"
TRM,9499,WLRt,Wellesley Road,Trams boarding / alighting,APC,"1,150","1,150","1,029",665,333,333,267,184,"389,008"
TRM,8776,WCRt,West Croydon Trams,Trams boarding / alighting,APC,"2,614","2,614","2,420","1,695","3,104","3,104","2,675","1,829","1,514,414"
TRM,8777,WMBt,Wimbledon Trams,Trams boarding / alighting,APC,"3,862","3,862","3,155","1,905","3,259","3,259","2,956","1,680","1,843,892"
TRM,8779,WDSt,Woodside,Trams boarding / alighting,APC,"1,088","1,088",805,541,881,881,646,471,"500,843"
